{
    "$schema": "https://json-schema.org/draft/2020-12/schema",
    "title": "FLIM Imager - Calibration",
    "description": "JSON schema which describes FLIM Imager calibration parameters used for improve phasors calculation and analysis depth and precision.",
    "type": "object",
    "properties": {
      "calibrations": {
        "type": "array",
        "description": "Array of calibration datasets, one for each active channel. Each dataset contains multiple harmonic sub-arrays, each with Phase and Modulation values.",
        "items": {
          "type": "array",
          "description": "Calibration data for a single active channel.",
          "items": {
            "type": "array",
            "description": "Sub-array for a specific harmonic, containing Phase and Modulation values.",
            "items": {
              "type": "number",
              "description": "Phase and Modulation values. Phase (φ) represents the time shift between the excitation signal (laser pulse) and the fluorescence emission signal. Modulation (m) refers to the ratio between the amplitude of the fluorescence signal and the amplitude of the excitation signal (laser pulse).",
              "minItems": 2,
              "maxItems": 2
            }
          }
        }
      },
      "tau_ns": {
        "type": "number",
        "description": "Fluorescence lifetime (τ) in nanoseconds, used for phasor analysis."
      },
      "laser_period_ns": {
        "type": "number",
        "description": "Laser period in nanoseconds, calculated as 1 / frequency_mhz."
      },
      "frequency_mhz": {
        "type": "number",
        "description": "Laser frequency in megahertz, determining the repetition rate of the excitation pulses."
      },
      "channels": {
        "type": "array",
        "description": "List of active channels used during the acquisition.",
        "items": {
          "type": "integer",
          "description": "Channel index."
        }
      },
      "harmonics": {
        "type": "integer",
        "description": "Number of harmonics (1 to 4) considered in phasor analysis. Each harmonic is a multiple of the fundamental frequency_mhz (e.g., harmonic 1 = frequency_mhz * 1, harmonic 2 = frequency_mhz * 2, etc.). Higher harmonics improve the separation of fluorescence lifetimes."
      }
    },
    "required": [
      "calibrations",
      "tau_ns",
      "laser_period_ns",
      "frequency_mhz",
      "channels",
      "harmonics"
    ]
  }
  