{
  "$schema": "https://json-schema.org/draft/2020-12/schema",
  "title": "FLIM Imager - Imaging Global",
  "description": "Schema for cumulated imaging acquisition data. Final image is the result of the sum of all the frames intensity matrices.",
  "type": "object",
  "properties": {
    "header": {
      "type": "object",
      "description": "Metadata describing the imaging global mode acquisition parameters.",
      "properties": {
        "type": {
          "type": "enum",
          "enum": ["Frame", "Global"],
          "description": "The imaging data type (single frame or cumulated matrix)."
        },
        "file_id": {
          "type": "array",
          "description": "Unique identifier of the file.",
          "items": { "type": "integer" }
        },
        "setup": {
          "type": "enum",
          "enum": ["Default", "Abberior"],
          "description": "Imaging microscope setup configuration."
        },
        "channels": {
          "type": "array",
          "description": "Active channels during image acquisition. 'true' stands for active channel, 'false' for inactive channel.",
          "items": { "type": "boolean" },
          "minItems": 8,
          "maxItems": 8
        },
        "laser_period_ns": {
          "type": "number",
          "description": "Laser period in nanoseconds."
        },
        "step": {
          "type": "enum",
          "enum": ["Scouting", "Imaging", "Phasors"],
          "description": "Processing step or acquisition mode (in this case, 'Imaging')."
        },
        "reconstruction": {
          "type": "enum",
          "enum": ["PLF", "LF"],
          "description": "Reconstruction method applied to the image. 'PLF' stands for 'Pixel-Line-Frame' reconstruction. 'LF' stands for 'Line-Frame' reconstruction."
        },
        "image_width": {
          "type": "integer",
          "description": "Width of the acquired image in pixels."
        },
        "image_height": {
          "type": "integer",
          "description": "Height of the acquired image in pixels."
        },
        "frames": {
          "type": "integer",
          "description": "Number of frames acquired."
        }
      },
      "required": [
        "type",
        "file_id",
        "setup",
        "channels",
        "laser_period_ns",
        "step",
        "reconstruction",
        "image_width",
        "image_height",
        "frames"
      ],
      "if": {
        "properties": {
          "setup": {
            "const": "Abberior"
          }
        }
      },
      "then": {
        "properties": {
          "abberior_multichannel_assignment_mode": {
            "type": "enum",
            "enum": ["Frame", "Line", "Pixel"],
            "description": "Mode used for multi-channel alternate assignment in Abberior systems. This field is only present when setup is set to 'Abberior'."
          }
        },
        "required": ["abberior_multichannel_assignment_mode"]
      }
    },
    "data": {
      "type": "array",
      "description": "Captured image pixels data structured as a multi-dimensional array.",
      "items": {
        "type": "array",
        "description": "Each array represents the pixels data for an active acquisition channel.",
        "items": {
          "type": "array",
          "description": "Each pixel is represented by 256 bins which describes the pixel decay histogram. We can have up to 256 sub-arrays describing pixel bin data.",
          "items": {
            "type": "array",
            "description": "Each element represents a single bin of the pixel's histogram. The first value is the bin index, and the second value is the photon intensity recorded for that bin. The photon intensity value is the sum of all the intensities registered fo that index across all frames.",
            "items": [
              { "type": "integer" },
              { "type": "integer" }
            ]
          }
        }
      }
    }
  },
  "required": ["header", "data"]
}
