{
  "$schema": "https://json-schema.org/draft/2020-12/schema",
  "title": "FLIM Imager - Phasors Global Data",
  "description": "JSON schema describing the FLIM Imager phasors data calculated for the entire image (cumulative frame intensities) per acquisition channel.",
  "type": "object",
  "properties": {
    "header": {
      "type": "object",
      "description": "Metadata describing the phasors global mode acquisition parameters.",
      "properties": {
        "type": {
          "type": "enum",
          "enum": ["Frame", "Global"],
          "description": "The phasors data type (single frame or cumulated). 'In this case 'Global'."
        },
        "file_id": {
          "type": "array",
          "description": "Unique identifier of the file.",
          "items": { "type": "integer" }
        },
        "setup": {
          "type": "enum",
          "enum": ["Default", "Abberior"],
          "description": "Imaging microscope setup configuration."
        },
        "channels": {
          "type": "array",
          "description": "Active channels during image acquisition. 'true' stands for active channel, 'false' for inactive channel.",
          "items": { "type": "boolean" },
          "minItems": 8,
          "maxItems": 8
        },
        "laser_period_ns": {
          "type": "number",
          "description": "Laser period in nanoseconds."
        },
        "step": {
          "type": "enum",
          "enum": ["Scouting", "Imaging", "Phasors"],
          "description": "Processing step or acquisition mode (in this case, 'Phasors')."
        },
        "reconstruction": {
          "type": "enum",
          "enum": ["PLF", "LF"],
          "description": "Reconstruction method applied to the image. 'PLF' stands for 'Pixel-Line-Frame' reconstruction. 'LF' stands for 'Line-Frame' reconstruction."
        },
        "image_width": {
          "type": "integer",
          "description": "Width of the acquired image in pixels."
        },
        "image_height": {
          "type": "integer",
          "description": "Height of the acquired image in pixels."
        },
        "frames": {
          "type": "integer",
          "description": "Number of frames acquired."
        },
        "tau_ns": {
          "type": "number",
          "description": "Fluorescence lifetime (τ) in nanoseconds defined for the calibration and phasors analysis."
        },
        "harmonics": {
          "type": "integer",
          "description": "Number of harmonics defined for the calibration and phasors analysis."
        }
      },
      "required": [
        "type",
        "file_id",
        "setup",
        "channels",
        "laser_period_ns",
        "step",
        "reconstruction",
        "image_width",
        "image_height",
        "frames",
        "tau_ns",
        "harmonics"
      ],
      "if": {
        "properties": {
          "setup": {
            "const": "Abberior"
          }
        }
      },
      "then": {
        "properties": {
          "abberior_multichannel_assignment_mode": {
            "type": "enum",
            "enum": ["Frame", "Line", "Pixel"],
            "description": "Mode used for multi-channel alternate assignment in Abberior systems. This field is only present when setup is set to 'Abberior'."
          }
        },
        "required": ["abberior_multichannel_assignment_mode"]
      }
    },
    "phasors_data": {
      "type": "array",
      "description": "Calculated phasors data for each harmonic, related to the current acquisition channel.",
      "items": {
        "type": "object",
        "properties": {
          "frame": {
            "type": "integer",
            "description": "The total acquired frames value."
          },
          "channel": {
            "type": "integer",
            "description": "The acquisition channel number."
          },
          "harmonic": {
            "type": "integer",
            "description": "The harmonic number associated with the phasor data."
          },
          "g_data": {
            "type": "array",
            "description": "The phasor in-phase component (cosine) of the Fourier transform dataset, calculated during the acquisition. In-phase component ('g' coordinate) indicates how much the fluorescence signal is in phase with the excitation source (laser pulse).",
            "items": {
              "type": "array",
              "description": "Each sub-array represents the 'g' phasor values calculated for each pixel in a line of the image. Thus, the number of line arrays corresponds to the image height in pixels.",
              "items": [
                {
                  "type": "number",
                  "description": "'g' phasor value associated with a pixel."
                }
              ]
            }
          },
          "s_data": {
            "type": "array",
            "description": "The phasor quadrature component (sine) of the Fourier transform dataset, calculated during the acquisition. Quadrature component ('s' coordinate) indicates how much the fluorescence signal is out of phase with the excitation source (laser pulse).",
            "items": {
              "type": "array",
              "description": "Each sub-array represents the 's' phasor values calculated for each pixel in a line of the image. Thus, the number of line arrays corresponds to the image height in pixels.",
              "items": [
                {
                  "type": "number",
                  "description": "'s' phasor value associated with a pixel."
                }
              ]
            }
          }
        },
        "required": ["frame", "channel", "harmonic", "g_data", "s_data"]
      }
    },
    "intensities_data": {
      "type": "array",
      "description": "Captured image pixels data structured as a multi-dimensional array.",
      "items": {
        "type": "array",
        "items": {
          "type": "array",
          "description": "Each pixel is represented by 256 bins which describes the pixel decay histogram. We can have up to 256 sub-arrays describing pixel bin data.",
          "items": {
            "type": "array",
            "description": "Each element represents a single bin of the pixel's histogram. The first value is the bin index, and the second value is the photon intensity recorded for that bin. The photon intensity value is the sum of all the intensities registered fo that index across all frames.",
            "items": [
              { "type": "integer" },
              { "type": "integer" }
            ]
          }
        }
      }
    }
  },
  "required": ["header", "phasors_data", "intensities_data"]
}
