{
  "$schema": "https://json-schema.org/draft/2020-12/schema",
  "title": "FLIM Imager - Phasors Frame Data",
  "description": "JSON schema which describes FLIM Imager phasors data for a single frame acquisition per acquisition channel and harmonic.",
  "type": "object",
  "properties": {
    "header": {
      "type": "object",
      "description": "Metadata describing the phasors frame mode acquisition parameters.",
      "properties": {
        "type": {
          "type": "enum",
          "enum": ["Frame", "Global"],
          "description": "The phasors data type (single frame or cumulated). In this case 'Frame'."
        },
        "file_id": {
          "type": "array",
          "description": "Unique identifier of the file.",
          "items": { "type": "integer" }
        },
        "setup": {
          "type": "enum",
          "enum": ["Default", "Abberior"],
          "description": "Imaging microscope setup configuration."
        },
        "channels": {
          "type": "array",
          "description": "Active channels during image acquisition. 'true' stands for active channel, 'false' for inactive channel.",
          "items": { "type": "boolean" },
          "minItems": 8,
          "maxItems": 8
        },
        "laser_period_ns": {
          "type": "number",
          "description": "Laser period in nanoseconds."
        },
        "step": {
          "type": "enum",
          "enum": ["Scouting", "Imaging", "Phasors"],
          "description": "Processing step or acquisition mode (in this case, 'Phasors')."
        },
        "reconstruction": {
          "type": "enum",
          "enum": ["PLF", "LF"],
          "description": "Reconstruction method applied to the image. 'PLF' stands for 'Pixel-Line-Frame' reconstruction. 'LF' stands for 'Line-Frame' reconstruction."
        },
        "image_width": {
          "type": "integer",
          "description": "Width of the acquired image in pixels."
        },
        "image_height": {
          "type": "integer",
          "description": "Height of the acquired image in pixels."
        },
        "tau_ns": {
          "type": "number",
          "description": "Fluorescence lifetime (τ) in nanoseconds defined for the calibration and phasors analysis."
        },
        "harmonics": {
          "type": "integer",
          "description": "Number of harmonics defined for the calibration and phasors analysis."
        }
      },
      "required": [
        "type",
        "file_id",
        "setup",
        "channels",
        "laser_period_ns",
        "step",
        "reconstruction",
        "image_width",
        "image_height",
        "tau_ns",
        "harmonics",
        "timestamp"
      ],
      "if": {
        "properties": {
          "setup": {
            "const": "Abberior"
          }
        }
      },
      "then": {
        "properties": {
          "abberior_multichannel_assignment_mode": {
            "type": "enum",
            "enum": ["Frame", "Line", "Pixel"],
            "description": "Mode used for multi-channel alternate assignment in Abberior systems. This field is only present when setup is set to 'Abberior'."
          }
        },
        "required": ["abberior_multichannel_assignment_mode"]
      }
    },
    "data": {
      "type": "array",
      "description": "Calculated phasors data related to the current frame, channel and harmonic.",
      "items": {
        "type": "object",
        "properties": {
          "frame": {
            "type": "integer",
            "description": "The frame number of the acquired data."
          },
          "channel": {
            "type": "integer",
            "description": "The acquisition channel number."
          },
          "harmonic": {
            "type": "integer",
            "description": "The harmonic number associated with the phasor data."
          },
          "g_data": {
            "type": "array",
            "description": "The phasor in-phase component (cosine) of the Fourier transform dataset, calculated during the acquisition. In-phase component ('g' coordinate) indicates how much the fluorescence signal is in phase with the excitation source (laser pulse).",
            "items": {
              "type": "array",
              "description": "Each sub-array represents the 'g' phasor values calculated for each pixel in a line of the image. Thus, the number of line arrays corresponds to the image height in pixels.",
              "items": [
                {
                  "type": "number",
                  "description": "'g' phasor value associated with a pixel."
                }
              ]
            }
          },
          "s_data": {
            "type": "array",
            "description": "The phasor quadrature component (sine) of the Fourier transform dataset, calculated during the acquisition. Quadrature component ('s' coordinate) indicates how much the fluorescence signal is out of phase with the excitation source (laser pulse).",
            "items": {
              "type": "array",
              "description": "Each sub-array represents the 's' phasor values calculated for each pixel in a line of the image. Thus, the number of line arrays corresponds to the image height in pixels.",
              "items": [
                {
                  "type": "number",
                  "description": "'s' phasor value associated with a pixel."
                }
              ]
            }
          }
        },
        "required": ["frame", "channel", "harmonic", "g_data", "s_data"]
      }
    }
  },
  "required": ["header", "data"]
}
